Email,FirstName,LastName,PhoneNumber,AddressLine,City,State,Country,PostalCode
aeriel.staner@hotmail.co.uk,Aeriel,Staner,5181933446,Ludwell Lane,Stamford,Connecticut,United States,6922
alyssa.gurnell@hotmail.com,Alyssa,Gurnell,3055416623,5656 Graham Court,Chicago,Illinois,United States,60691
annnora.vink@gmail.com,Annnora,Vink,2516314006,6797 Greensboro Avenue,Chicago,Illinois,United States,60652
arlena.brimming@hotmail.com,Arlena,Brimming,8143550600,14412 Einsgrove Way,Saint Petersburg,Florida,United States,33742
belita.jagels@gmail.com,Belita,Jagels,5712597980,2697 Bamberg Avenue,Houston,Texas,United States,77266
brockie.chaffe@yahoo.com,Brockie,Chaffe,4086857351,13209 Delphina Loop,Oklahoma City,Oklahoma,United States,73142
broddy.lean@yahoo.com,Broddy,Lean,6090137462,13689 Atwood Way,Lexington,Kentucky,United States,40581
chiquita.hinckley@hotmail.fr,Chiquita,Hinckley,2123292732,12371 Balcharan Terrace,Corpus Christi,Texas,United States,78405
clyde.wilne@telenet.be,Clyde,Wilne,3147781646,1217 Chula Vista Avenue,Tulsa,Oklahoma,United States,74108
colette.harron@juno.com,Colette,Harron,9711485676,7436 Alcott Avenue,San Diego,California,United States,92132
collete.cruz@hotmail.com,Collete,Cruz,7145131560,9847 Kirkwood Court,Washington,District of Columbia,United States,20041
courtenay.nelles@aol.com,Courtenay,Nelles,8437348633,9371 Punta Rassa Lane,Newark,New Jersey,United States,7112
cullin.musker@gmail.com,Cullin,Musker,7856302698,6434 Austin Avenue,Salt Lake City,Utah,United States,84130
danit.luciani@gmail.com,Danit,Luciani,7140822816,5398 Kindle Avenue,Memphis,Tennessee,United States,38114
dayle.reely@yahoo.com,Dayle,Reely,7868764547,830 Fink Street,Orlando,Florida,United States,32891
donnie.blamire@gmail.com,Donnie,Blamire,9148557387,1034 Tate Gregory Court,Kent,Washington,United States,98042
drucill.purches@hotmail.co.uk,Drucill,Purches,2134064946,12416 Shari Street,Sioux Falls,South Dakota,United States,57105
dylan.pedrocchi@yahoo.fr,Dylan,Pedrocchi,5636373687,6428 Neilson Court,Sioux City,Iowa,United States,51110
elise.zammett@gmail.com,Elise,Zammett,5735285712,10881 Owl Drive,Fresno,California,United States,93794
elna.descoffier@hotmail.com,Elna,d'Escoffier,2156408751,11909 Eisenhower Way,Vancouver,Washington,United States,98664
eustacia.onowlan@yahoo.com,Eustacia,O'Nowlan,5735212643,10436 Ybor Lane,Lexington,Kentucky,United States,40576
fanya.mcgowing@wanadoo.fr,Fanya,McGowing,9161554171,14395 Figwood Loop,Shreveport,Louisiana,United States,71166
gal.crosthwaite@gmail.com,Gal,Crosthwaite,7138218002,7045 Rieves Drive,Fresno,California,United States,93704
giulia.davys@optusnet.com.au,Giulia,Davys,4049163387,121 Kaplan Court,North Port,Florida,United States,34290
gustav.colecrough@yahoo.com,Gustav,Colecrough,5041738617,13785 August Loop,Palmdale,California,United States,93591
helli.hilling@gmail.com,Helli,Hilling,8647476586,11319 Merrit Lane,Greenville,South Carolina,United States,29605
hermione.broughton@hotmail.com,Hermione,Broughton,8622523275,4377 San Saba Court,Dallas,Texas,United States,75216
horatia.peris@yahoo.com,Horatia,Peris,7146170147,6722 Percival Way,Knoxville,Tennessee,United States,37931
iorgos.kitching@yahoo.com,Iorgos,Kitching,9159853094,9838 Smithfield Place,Lansing,Michigan,United States,48901
jenine.ennion@yahoo.com,Jenine,Ennion,3035251957,11863 Panorama Place,Albany,New York,United States,12222
joanne.maudlen@yahoo.com,Jo-anne,Maudlen,9108995220,10699 Groesser Place,Washington,District of Columbia,United States,20442
kali.handslip@aim.com,Kali,Handslip,2125770681,14976 Johnson Court,New York City,New York,United States,10110
katuscha.harkins@terra.com.br,Katuscha,Harkins,8129464234,8665 Wade Meadow Lane,Norcross,Georgia,United States,30092
ker.prichard@gmail.com,Ker,Prichard,4108185720,7494 Adams Lane,Indianapolis,Indiana,United States,46202
kimbell.beckhouse@yahoo.com,Kimbell,Beckhouse,5717072124,10384 Treadwell Terrace,Philadelphia,Pennsylvania,United States,19151
koenraad.bayman@gmail.com,Koenraad,Bayman,2060061610,5559 Atwell Avenue,Anaheim,California,United States,92825
lauralee.gabby@wanadoo.fr,Lauralee,Gabby,7576668701,10640 French Oak Avenue,Lafayette,Louisiana,United States,70593
lina.eglin@yahoo.com,Lina,Eglin,3130881522,1898 Cosmos Way,Toledo,Ohio,United States,43605
lizzie.rope@hotmail.com,Lizzie,Rope,5044972993,4507 West Boone Court,Lexington,Kentucky,United States,40576
louie.rainer@gmail.com,Louie,Rainer,9199298694,6502 Williamson Drive,New Orleans,Louisiana,United States,70174
masha.pietruszka@outlook.com,Masha,Pietruszka,2511418250,3412 Neuport Path,Washington,District of Columbia,United States,20575
merridie.davidzon@hotmail.com,Merridie,Davidzon,3307734833,11695 Greyville Court,Huntington,West Virginia,United States,25709
miguela.gavigan@yahoo.com,Miguela,Gavigan,3611142473,11744 Glenda Place,Houston,Texas,United States,77234
nerti.melsome@yahoo.com,Nerti,Melsome,5400206195,12152 Lape Lane,San Luis Obispo,California,United States,93407
norene.follit@gmail.com,Norene,Follit,2022936191,10811 Torri Terrace,Warren,Ohio,United States,44485
nyssa.scowen@yahoo.com,Nyssa,Scowen,6161615020,12445 Greensboro Avenue,Louisville,Kentucky,United States,40220
ollie.pittson@yahoo.com,Ollie,Pittson,9168143489,2564 Kennedy Avenue,Amarillo,Texas,United States,79188
ophelie.deveral@yahoo.com,Ophelie,Deveral,6158476747,8946 Veri Loop,Honolulu,Hawaii,United States,96835
othilie.farguhar@gmail.com,Othilie,Farguhar,5124410329,6441 Hickory Circle,Chicago,Illinois,United States,60624
rabi.demougeot@ymail.com,Rabi,Demougeot,8182991601,946 Duszynski Terrace,Corpus Christi,Texas,United States,78475
rickey.yegorshin@msn.com,Rickey,Yegorshin,3365887134,3021 San Benito Lane,Cleveland,Ohio,United States,44185
rosabelle.maccorkell@gmail.com,Rosabelle,MacCorkell,7207782155,6675 San Pedro Drive,Bellevue,Washington,United States,98008
rowen.turneaux@hotmail.com,Rowen,Turneaux,2036995568,6018 Universal Avenue,Springfield,Massachusetts,United States,1152
shawn.steedman@yahoo.com,Shawn,Steedman,5026255313,5136 Iron Oak Way,New York City,New York,United States,10105
sky.simmank@yahoo.com,Sky,Simmank,3051367953,3305 Tambourine Terrace,Birmingham,Alabama,United States,35236
susannah.loch@hotmail.com,Susannah,Loch,6190756351,14659 Escandon Place,Pensacola,Florida,United States,32526
tildy.stopper@yahoo.com,Tildy,Stopper,5154534498,4286 Beaumont Terrace,Orlando,Florida,United States,32854
townie.letham@yahoo.co.in,Townie,Letham,4324788456,4100 Hollyoak Way,Miami,Florida,United States,33185
vite.robun@live.com,Vite,Robun,3140080132,6870 Red Fox Loop,Bakersfield,California,United States,93381
waldemar.lorriman@hotmail.com,Waldemar,Lorriman,5047783786,1525 Witherspoon Path,Wilmington,North Carolina,United States,28405
wang.ditzel@hotmail.fr,Wang,Ditzel,9704553725,5221 Melissa Lane,Cleveland,Ohio,United States,44105
winne.zoppie@gmail.com,Winne,Zoppie,7274033943,2198 Suber Street,Waco,Texas,United States,76711
wylma.halwill@hotmail.com,Wylma,Halwill,7813569286,2936 Geddes Terrace,Monroe,Louisiana,United States,71213
zorana.calcutt@yahoo.com,Zorana,Calcutt,9151216643,13260 Smoaks Street,Colorado Springs,Colorado,United States,80995
